{"cameraMode":{"drawMode":0,"name":"Shaded","section":"Shading Mode"},"sceneLighting":true,"audioPlay":false,"sceneViewState":{"m_AlwaysRefresh":false,"showFog":true,"showSkybox":true,"showFlares":true,"showImageEffects":true,"showParticleSystems":true,"showVisualEffectGraphs":true,"m_FxEnabled":true},"in2DMode":false,"pivot":{"x":2.9775261878967287,"y":-3.4092447757720949,"z":5.099062919616699},"rotation":{"x":0.7144675254821777,"y":0.006294360850006342,"z":-0.006432420574128628,"w":0.6996193528175354},"size":11.317985534667969,"orthographic":true}